temperature,humidité,gaz
26.2,52,142
26.2,52.2,142
26.1,52.2,142
26.1,52.3,142
26.2,52.4,142
26.2,52.5,142
26.1,52.5,142
26.2,52.6,142
26.2,52.6,142
26.1,52.6,142
26.1,52.7,142
26.1,52.7,142
26.1,52.7,142
26.1,52.6,142
26.1,52.6,142
26.1,52.6,142
26.1,52.7,142
26.1,52.7,142
26.1,52.7,142
26.1,52.7,142
26.1,52.7,142
26.1,52.6,142
26.1,52.6,142
26,52.6,142
26,52.5,142
26,52.6,142
26.1,52.5,142
26,52.5,142
26,52.5,142
26,52.5,142
26,52.5,142
26,52.4,142
26,52.4,142
26,52.4,142
26,52.4,142
26,52.4,142
26,52.4,142
26,52.4,142
26,52.4,142
26,52.4,142
26,52.5,142
26,52.5,142
26,52.6,142
26,52.5,142
25.9,52.6,142
25.9,52.5,142
25.9,52.6,142
25.9,52.8,178
25.9,52.9,142
25.9,53,142
25.9,53,142
25.9,53,142
25.9,53.1,142
25.9,53.2,142
25.9,53.1,142
25.9,53.2,142
25.9,53.1,142
25.9,53.2,142
25.9,53.2,142
25.9,53.2,142
25.9,53.2,142
25.9,53.2,142
25.9,53.2,142
25.9,53.2,142
25.9,53.2,142
25.9,53.2,142
25.9,53.2,142
25.9,53.2,142
25.9,53.3,142
25.9,53.2,142
25.9,53.2,142
25.9,53.2,142
25.9,53.2,142
25.9,53.2,142
25.9,53.2,142
26,53.3,228
25.9,53.3,142
25.9,53.3,142
26,53.2,142
26,53.2,142
26,53.3,142
26,53.3,142
26,53.3,142
26,53.2,142
26,53.3,142
26,53.3,142
26,53.4,142
26,53.3,142
26,53.3,142
26,53.4,142
26,53.3,142
26,53.4,142
26,53.4,142
26,53.3,142
26,53.3,142
26,53.3,142
26,53.4,142
26,53.4,142
26,53.4,142
26,53.3,142
26,53.4,142
26.1,53.3,142
26.1,53.3,142
26.1,53.3,142
26.1,53.3,142
26.1,53.3,142
26.1,53.2,142
26.1,53.1,142
26.1,53.1,142
26.1,53.1,142
26.1,53.2,142
26.1,53.1,142
26.1,53.1,142
26.1,53.2,142
26.1,53.2,142
26.1,53.2,142
26.1,53.1,142
26.1,53.1,142
26.1,53.1,142
26.1,53.1,142
26.1,53.1,142
26.1,53,142
26.1,53.1,142
26.1,53.1,142
26.1,53.1,142
26.2,53.1,142
26.1,53.1,142
26.1,53.1,142
26.2,53,142
26.1,52.9,142
26.1,52.9,142
26.2,53,142
26.1,53,142
26.1,53,142
26.1,53,142
26.1,53,142
26.1,53,142
26.1,53.1,142
26.1,53,142
26.1,53.1,142
26.1,53.2,142
26.1,53.2,142
26.1,53.2,142
26.1,53.2,142
26.1,53.3,142
26.1,53.3,142
26.1,53.3,142
26,53.3,142
26.1,53.3,142
26.1,53.3,142
26,53.4,142
26,53.4,142
26,53.4,142
26,53.4,142
26,53.4,142
26,53.5,142
26,53.4,142
26,53.5,142
26,53.5,142
26,53.5,142
26,53.5,142
26,53.5,142
26,53.6,142
26,53.5,142
26,53.5,142
26,53.6,142
26,53.5,142
26,53.5,142
26,53.5,142
26,53.5,142
26,53.6,142
26,53.6,142
26,53.6,142
26,53.6,142
26,53.5,142
26,53.5,142
26,53.6,142
26,53.6,142
26,53.6,142
26,53.6,142
26,53.6,142
26,53.6,142
26.1,53.6,142
26,53.6,142
26,53.6,142
26,53.7,142
26.1,53.6,142
26.1,53.6,142
26.1,53.6,142
26.1,53.6,142
26.1,53.6,142
26.1,53.7,142
26.1,53.7,142
26.1,53.7,142
26.1,53.6,142
26.1,53.7,142
26.1,53.7,142
26.1,53.7,142
26.1,53.6,161
26.1,53.6,164
26.1,53.7,142
26.1,53.6,142
26.1,53.6,142
26.1,53.6,142
26.1,53.6,142
26.1,53.6,142
26.1,53.6,142
26.1,53.6,142
26.1,53.5,142
26.1,53.5,142
26.1,53.5,142
26.1,53.5,142
26.2,53.5,142
26.1,53.4,142
26.2,53.4,142
26.2,53.5,142
26.2,53.5,142
26.1,53.5,142
26.2,53.5,142
26.2,53.6,142
26.2,53.6,142
26.2,53.6,142
26.2,53.6,142
26.2,53.7,142
26.2,53.6,142
26.2,53.6,142
26.2,53.6,142
26.2,53.5,142
26.2,53.6,142
26.2,53.6,142
26.2,53.6,142
26.2,53.6,142
26.2,53.5,142
26.2,53.6,142
26.2,53.5,142
26.3,53.6,142
26.3,53.5,142
26.2,53.6,142
26.2,53.6,142
26.3,53.5,142
26.3,53.5,242
26.3,53.5,142
26.2,53.6,142
26.3,53.5,142
26.3,53.5,142
26.3,53.5,142
26.3,53.5,142
26.3,53.5,142
26.3,53.4,142
26.3,53.4,142
26.3,53.5,142
26.3,53.5,142
26.3,53.5,142
26.3,53.5,142
26.4,53.5,142
26.3,53.6,261
26.3,53.5,142
26.4,53.5,142
26.3,53.5,142
26.4,53.5,142
26.4,53.4,142
26.4,53.4,142
26.4,53.4,142
26.4,53.4,142
26.4,53.4,142
26.4,53.4,142
26.4,53.4,142
26.4,53.4,142
26.4,53.2,142
26.4,53.3,142
26.4,53.3,142
26.4,53.2,142
26.4,53.2,142
26.4,53.2,142
26.4,53.2,142
26.4,53.2,142
26.4,53.2,142
26.4,53.2,142
26.4,53.2,142
26.4,53.2,142
26.4,53.1,142
26.4,53.2,142
26.4,53.2,142
26.4,53.1,142
26.4,53,142
26.4,53.1,142
26.4,53.1,142
26.4,53.1,142
26.4,53.1,142
26.4,53.1,142
26.5,53,142
26.5,53.1,142
26.5,53.1,142
26.5,53.1,142
26.5,53.1,142
26.4,53.1,142
26.5,53.1,142
26.5,53.1,142
26.5,53,142
26.5,53.1,142
26.5,53,142
26.5,53,219
26.5,53,142
26.5,53.1,142
26.5,53.1,142
26.5,53.1,142
26.5,53.1,142
26.5,53.1,142
26.5,53,142
26.5,53.1,142
26.5,53,142
26.5,53,142
26.5,53.1,151
26.5,53,142
26.5,53.1,142
26.5,53,142
26.6,53,142
26.5,53,142
26.6,53,142
26.6,53,142
26.6,53,142
26.5,52.9,142
26.6,52.9,142
26.5,52.9,142
26.5,52.9,142
26.6,53,142
26.5,52.9,142
26.5,52.9,142
26.6,52.9,142
26.6,52.9,142
26.6,52.8,142
26.5,52.9,142
26.6,52.9,142
26.6,52.9,142
26.6,52.9,142
26.6,52.9,142
26.6,53,142
26.6,52.9,142
26.6,52.9,142
26.6,52.8,142
26.6,52.8,142
26.6,52.8,142
26.6,52.7,142
26.6,52.8,142
26.6,52.8,142
26.6,52.7,142
26.6,52.8,142
26.5,52.8,142
26.6,52.7,142
26.6,52.8,142
26.5,52.9,142
26.5,52.8,142
26.6,52.8,142
26.5,52.8,142
26.6,52.8,142
26.5,52.8,142
26.5,52.8,142
26.5,52.9,142
26.5,53,142
26.5,52.9,142
26.5,52.9,142
26.5,52.9,142
26.5,52.9,142
26.5,52.9,142
26.5,52.9,142
26.5,52.9,142
26.5,52.9,142
26.5,52.9,192
26.5,53,142
26.5,53,142
26.5,53,142
26.5,53,142
26.5,53,142
26.5,53,142
26.5,53.1,142
26.5,53.1,142
26.5,53,142
26.4,53.1,142
26.5,53.1,142
26.4,53.1,142
26.4,53.1,142
26.4,53.2,142
26.4,53.1,142
26.4,53.2,142
26.4,53.1,142
26.4,53.2,142
26.4,53.2,142
26.4,53.1,142
26.4,53.1,142
26.4,53.1,142
26.4,53.1,142
26.4,53.2,142
26.4,53.1,142
26.4,53.2,142
26.4,53.1,142
26.4,53.1,142
26.4,53.1,142
26.4,53,142
26.4,53.1,155
26.4,53,142
26.4,53,142
26.4,53,142
26.4,53,142
26.4,53,142
26.4,53,142
26.4,52.9,142
26.4,53,142
26.5,53,142
26.4,53,142
26.5,53,142
26.4,53,142
26.4,53,142
26.4,53,142
26.4,53.1,142
26.4,53,142
26.4,53.1,142
26.4,53.1,142
26.5,53.1,142
26.4,53.2,142
26.5,53.2,142
26.5,53.1,142
26.4,53.1,142
26.5,53.1,142
26.5,53,142
26.4,53.1,142
26.5,53.1,142
26.5,53.1,142
26.5,53.1,142
26.5,53.1,142
26.4,53.1,142
26.5,53.1,142
26.5,53,142
26.5,53,142
26.5,53,142
26.5,53,142
26.5,53,142
26.5,53,142
26.5,53,142
26.5,53.1,142
26.5,53.1,142
26.5,53,142
26.5,53.1,142
26.5,53.2,142
26.5,53.1,142
26.5,53.2,142
26.5,53.1,142
26.5,53.2,142
26.5,53.1,142
26.4,53.2,142
26.5,53.2,142
26.4,53.1,142
26.4,53.2,142
26.4,53.1,142
26.4,53.1,142
26.4,53.1,142
26.5,53.2,142
26.5,53.1,142
26.4,53.1,142
26.4,53.2,142
26.4,53.2,142
26.4,53.1,142
26.4,53.1,142
26.4,53.1,142
26.4,53.1,142
26.4,53.1,142
26.4,53.1,142
26.4,53.2,142
26.4,53.1,142
26.4,53.2,142
26.4,53.1,142
26.4,53.1,142
26.5,53.3,142
26.4,53.3,142
26.5,53.2,142
26.4,53.2,142
26.4,53.2,142
26.4,53.2,142
26.4,53.2,142
26.5,53.1,142
26.4,53.3,142
26.5,53.2,142
26.5,53.3,142
26.5,53.3,142
26.5,53.3,142
26.4,53.3,142
26.4,53.4,142
26.4,53.4,142
26.4,53.3,142
26.4,53.4,142
26.4,53.4,142
26.4,53.3,142
26.4,53.2,142
26.4,52.9,142
26.4,52.9,142
26.4,52.7,142
26.4,52.6,142
26.4,52.4,142
26.4,52.4,142
26.4,52.4,142
26.3,52.5,142
26.4,52.4,142
26.4,52.4,142
26.4,52.4,142
26.4,52.4,142
26.3,52.4,142
26.3,52.5,142
26.3,52.5,142
26.3,52.5,142
26.3,52.5,142
26.3,52.6,142
26.3,52.6,142
26.3,52.6,142
26.3,52.6,241
26.3,52.8,142
26.3,52.9,142
26.3,53,142
26.3,53.1,142
26.3,53.2,142
26.3,53.2,142
26.3,53.2,175
26.3,53.3,142
26.3,53.4,142
26.3,53.3,142
26.3,53.4,142
26.3,53.4,142
26.3,53.4,142
26.3,53.4,142
26.2,53.4,142
26.3,53.5,142
26.2,53.5,142
26.2,53.5,142
26.2,53.5,142
26.2,53.5,142
26.3,53.6,142
26.2,53.6,142
26.2,53.6,142
26.2,53.6,142
26.2,53.6,142
26.2,53.6,142
26.2,53.7,142
26.2,53.7,142
26.2,53.7,142
26.2,53.7,142
26.2,53.8,142
26.2,53.8,142
26.1,53.7,142
26.2,53.8,142
26.2,53.8,142
26.1,53.8,142
26.2,53.8,142
26.2,53.8,142
26.1,53.9,142
26.1,53.9,142
26.1,53.8,142
26.1,53.9,142
26.1,53.9,142
26.1,53.9,142
26.1,53.9,142
26.1,53.9,142
26.1,53.9,142
26.1,53.9,142
26.1,54,142
26.1,54,142
26.1,54,142
26.1,53.9,142
26.1,54,142
26,54,142
26.1,54,142
26,54.1,142
26,54.1,142
26,54.1,142
26.1,54.1,142
26,54,155
26,54.1,142
26,54.1,142
26,54.1,142
26,54.2,142
26,54.1,142
26,54.1,142
26,54.1,142
26,54.2,142
26,54.2,142
26,54.3,142
26,54.2,142
26,54.2,142
26,54.2,142
26,54.2,142
26,54.2,142
26,54.1,142
26,54.2,142
26,54.2,142
26,54.2,142
25.9,54.3,142
26,54.3,142
26,54.3,142
26,54.3,142
26,54.2,142
26,54.2,142
26,54.2,142
26,54.2,142
25.9,54.3,142
25.9,54.3,142
26,54.3,142
25.9,54.2,142
25.9,54.2,142
25.9,54.3,142
25.9,54.3,142
25.9,54.3,142
25.9,54.4,142
25.9,54.3,142
25.9,54.2,142
25.9,54.2,142
25.9,54.1,142
25.9,54.1,142
25.9,54.1,142
25.9,54.1,142
25.9,54.1,142
25.9,54.1,142
25.9,54.2,142
25.9,54.2,142
25.9,54.3,142
25.9,54.2,142
25.9,54.3,142
25.9,54.2,142
25.9,54.2,142
25.8,54.3,142
25.9,54.3,142
25.8,54.3,142
25.8,54.3,142
25.8,54.4,142
25.8,54.3,142
25.8,54.2,142
25.8,54.1,142
25.8,54.1,142
25.8,54,142
25.8,54,142
25.8,54.1,142
25.8,54.2,142
25.8,54.3,142
25.8,54.3,142
25.8,54.3,142
25.8,54.3,142
25.8,54.4,142
25.8,54.4,142
25.8,54.4,142
25.8,54.4,142
25.8,54.4,142
25.8,54.3,142
25.8,54.3,142
25.8,54.4,142
25.8,54.4,142
25.9,54.4,142
25.9,54.3,142
25.8,54.4,142
25.9,54.4,142
25.9,54.3,142
25.9,54.4,142
25.9,54.4,142
25.9,54.5,142
25.9,54.4,142
25.9,54.4,142
25.9,54.4,142
25.9,54.3,142
25.9,54.3,142
25.9,54.2,142
25.9,54.2,142
25.9,54.2,142
25.9,54.2,142
25.9,54.1,142
25.9,54.2,142
25.9,54.1,142
25.9,54.2,142
25.9,54.1,142
25.9,54.2,142
25.9,54.2,142
25.9,54.2,142
25.9,54.2,142
25.9,54.2,142
25.9,54.1,142
25.9,54.1,142
25.9,54.1,142
25.9,54.1,142
25.9,54.1,142
25.9,54.2,142
25.9,54.1,142
25.9,54.1,142
25.9,54.1,142
25.9,54,142
25.9,54.1,142
25.9,54.1,142
25.9,54.2,142
26,54.2,142
26,54.1,142
26,54.2,142
26,54.2,142
26,54.2,142
26,54.2,142
26,54.2,142
26,54.2,142
26,54.2,142
26,54.2,142
26,54.2,142
26,54.2,142
26,54.2,142
26,54.1,142
26,54.1,155
26.1,54.1,142
26.1,54.1,142
26,54.1,142
26.1,54,142
26.1,54,142
26.1,53.9,142
26.1,53.8,142
26.1,53.8,142
26.1,53.7,142
26.1,53.7,142
26.1,53.7,142
26.1,53.7,142
26.1,53.7,142
26.2,53.8,142
26.1,53.7,142
26.2,53.8,142
26.2,53.8,142
26.2,53.7,142
26.2,53.7,142
26.2,53.8,142
26.2,53.7,142
26.2,53.7,142
26.2,53.6,142
26.2,53.5,142
26.2,53.5,142
26.2,53.4,142
26.2,53.2,142
26.2,53.3,142
26.2,53.3,142
26.2,53.1,142
26.3,53.1,142
26.3,53.1,142
26.3,53.1,142
26.3,53,142
26.3,53.2,142
26.3,53.2,142
26.3,53.3,142
26.3,53.4,142
26.3,53.3,142
26.3,53.3,142
26.3,53.3,142
26.3,53.3,142
26.3,53.4,142
26.3,53.3,142
26.4,53.3,142
26.4,53.4,142
26.4,53.4,142
26.4,53.4,142
26.4,53.4,142
26.3,53.3,142
26.4,53.4,142
26.4,53.4,142
26.4,53.4,142
26.4,53.2,142
26.4,53.3,142
26.4,53.2,142
26.4,53.2,142
26.4,53.2,142
26.4,53.2,142
26.4,53.2,142
26.4,53.2,142
26.4,53.2,142
26.4,53.2,142
26.5,53.1,142
26.5,53.1,142
26.4,53.1,142
26.4,53,142
26.5,53,142
26.5,53,142
26.5,53,142
26.5,53,142
26.5,52.9,142
26.5,53,142
26.5,53,142
26.5,52.9,142
26.5,52.9,142
26.5,52.8,142
26.5,52.9,142
26.5,52.8,142
26.6,52.8,142
26.5,52.8,142
26.5,52.8,142
26.5,52.8,142
26.5,52.7,142
26.6,52.8,142
26.5,52.9,142
26.5,52.8,142
26.5,52.7,142
26.5,52.7,142
26.6,52.7,142
26.6,52.7,142
26.6,52.7,142
26.5,52.7,142
26.6,52.7,142
26.6,52.7,142
26.6,52.7,142
26.6,52.7,142
26.6,52.7,142
26.6,52.6,142
26.6,52.6,142
26.6,52.6,142
26.6,52.6,142
26.6,52.6,142
26.6,52.5,142
26.6,52.5,142
26.6,52.4,142
26.6,52.5,142
26.6,52.4,142
26.6,52.3,142
26.6,52.3,142
26.6,52.2,142
26.7,52.2,142
26.7,52.1,142
26.6,52.1,142
26.7,52.1,142
26.6,52.2,142
26.6,52.2,142
26.7,52.3,142
26.7,52.2,142
26.7,52.3,142
26.7,52.3,142
26.6,52.4,142
26.7,52.4,142
26.7,52.5,142
26.7,52.6,142
26.7,52.6,142
26.7,52.6,142
26.7,52.6,142
26.7,52.6,142
26.7,52.5,142
26.7,52.5,142
26.7,52.6,142
26.7,52.5,142
26.7,52.6,142
26.7,52.5,142
26.7,52.6,142
26.7,52.6,142
26.7,52.6,142
26.7,52.6,142
26.7,52.6,142
26.7,52.6,142
26.7,52.7,142
26.7,52.7,142
26.6,52.8,142
26.7,52.7,145
26.7,52.6,142
26.7,52.7,142
26.7,52.6,142
26.7,52.7,142
26.7,52.6,142
26.6,52.6,142
26.6,52.6,142
26.7,52.7,142
26.7,52.6,142
26.6,52.7,142
26.6,52.7,142
26.6,52.6,142
26.6,52.7,142
26.6,52.7,142
26.6,52.8,142
26.6,52.7,142
26.6,52.8,142
26.6,52.7,142
26.6,52.7,142
26.6,52.7,142
26.6,52.7,142
26.6,52.7,142
26.6,52.7,142
26.6,52.7,142
26.6,52.7,142
26.6,52.8,142
26.6,52.8,155
26.6,52.7,142
26.6,52.8,142
26.6,52.7,142
26.6,52.7,142
26.6,52.7,142
26.6,52.7,142
26.6,52.6,142
26.6,52.6,142
26.6,52.6,142
26.6,52.6,176
26.6,52.6,142
26.6,52.7,268
26.6,52.7,142
26.6,52.6,142
26.6,52.6,142
26.6,52.7,142
26.6,52.7,142
26.6,52.7,142
26.6,52.7,142
26.6,52.7,142
26.6,52.8,142
26.6,52.8,142
26.6,52.8,142
26.6,52.8,142
26.6,52.8,142
26.6,52.9,142
26.6,52.8,142
26.6,52.8,142
26.6,52.8,142
26.6,52.8,142
26.6,52.8,142
26.6,52.7,142
26.6,52.7,142
26.6,52.5,142
26.6,52.5,142
26.6,52.5,142
26.6,52.5,142
26.6,52.6,142
26.6,52.5,142
26.6,52.6,142
26.6,52.6,142
26.6,52.7,142
26.6,52.7,142
26.6,52.7,142
26.5,52.8,142
26.6,52.7,142
26.6,52.7,142
26.6,52.7,142
26.6,52.7,142
26.6,52.8,142
26.6,52.8,142
26.5,52.7,142
26.5,52.7,142
26.5,52.7,152
26.5,52.7,142
26.5,52.8,142
26.5,52.8,142
26.5,52.8,142
26.5,52.8,142
26.5,52.8,142
26.5,52.9,142
26.5,52.8,142
26.5,52.8,142
26.5,52.9,142
26.5,52.9,142
26.5,52.9,142
26.4,52.9,142
26.5,52.9,142
26.5,52.9,142
26.5,52.9,142
26.5,52.8,142
26.5,52.9,142
26.5,52.8,142
26.5,52.9,142
26.5,52.9,142
26.5,52.8,142
26.5,52.9,142
26.5,53,142
26.5,52.9,142
26.5,53,142
26.5,52.9,142
26.5,52.8,142
26.5,52.9,142
26.5,52.9,142
26.5,52.9,142
26.5,52.9,142
26.5,52.9,142
26.5,52.9,142
26.5,53,202
26.5,52.9,142
26.5,52.9,205
26.5,52.9,142
26.5,52.9,142
26.5,52.9,142
26.5,52.8,142
26.5,53,142
26.5,52.9,142
26.5,52.9,142
26.5,52.9,142
26.5,52.9,142
26.5,52.9,142
26.5,52.8,142
26.5,52.8,142
26.5,52.7,142
26.5,52.6,142
26.5,52.6,142
26.5,52.7,142
26.5,52.7,142
26.5,52.6,142
26.5,52.6,142
26.5,52.6,142
26.5,52.5,142
26.5,52.5,142
26.5,52.6,142
26.4,52.6,142
26.4,52.5,142
26.5,52.6,142
26.4,52.5,142
26.5,52.5,142
26.4,52.5,142
26.4,52.5,142
26.4,52.5,142
26.4,52.5,142
26.4,52.6,142
26.4,52.6,142
26.4,52.6,142
26.4,52.7,142
26.4,52.7,142
26.4,52.7,142
26.4,52.7,142
26.4,52.7,142
26.4,52.7,142
26.4,52.7,142
26.4,52.7,142
26.4,52.7,142
26.4,52.8,142
26.3,52.7,142
26.4,52.8,142
26.4,52.7,142
26.3,52.7,142
26.4,52.7,142
26.3,52.7,142
26.3,52.8,142
26.3,52.7,142
26.3,52.8,142
26.3,52.7,142
26.3,52.7,142
26.3,52.7,142
26.3,52.7,142
26.3,52.5,142
26.3,52.6,142
26.3,52.5,142
26.3,52.6,142
26.3,52.7,142
26.3,52.7,142
26.3,52.6,142
26.3,52.6,142
26.3,52.6,142
26.3,52.6,142
26.3,52.6,142
26.3,52.6,142
26.3,52.5,142
26.3,52.5,142
26.3,52.4,142
26.3,52.4,162
26.2,52.4,142
26.3,52.4,142
26.3,52.4,142
26.2,52.5,142
26.2,52.5,142
26.2,52.6,142
26.2,52.5,142
26.3,52.6,142
26.3,52.6,142
26.3,52.7,142
26.2,52.6,142
26.2,52.7,142
26.3,52.7,142
26.3,52.6,142
26.3,52.6,142
26.3,52.7,142
26.3,52.8,142
26.3,52.7,142
26.3,52.7,142
26.3,52.7,142
26.3,52.7,142
26.3,52.8,142
26.3,52.8,142
26.3,52.8,142
26.3,52.8,142
26.3,52.7,142
26.3,52.7,142
26.3,52.5,142
26.3,52.5,142
26.3,52.6,142
26.3,52.5,142
26.3,52.6,142
26.2,52.6,168
26.3,52.6,142
26.3,52.6,142
26.3,52.5,142
26.3,52.7,142
26.3,52.7,142
26.3,52.8,142
26.2,52.9,142
26.2,53,142
26.2,52.9,142
26.2,52.9,142
26.2,53,142
26.2,53,142
26.2,53,142
26.2,53,142
26.2,53.1,142
26.2,53,142
26.3,53,142
26.2,53,142
26.2,53,142
26.2,53,142
26.2,52.9,142
26.2,52.9,142
26.2,52.8,142
26.2,52.7,142
26.2,52.7,142
26.2,52.8,142
26.2,52.8,142
26.2,52.8,142
26.2,52.9,142
26.2,52.8,142
26.2,52.9,142
26.2,52.8,142
26.2,52.8,142
26.2,52.8,142
26.2,52.8,142
26.2,52.8,142
26.2,52.8,142
26.2,52.9,142
26.2,52.9,142
26.2,52.9,142
26.2,52.9,142
26.2,53,142
26.2,53,142
26.2,53.1,142
26.2,53.1,192
26.2,53,142
26.2,53.1,142
26.2,53.1,142
26.2,53.1,142
26.2,53.1,142
26.2,53.1,149
26.2,53.1,142
26.2,53.1,142
26.2,53.1,142
26.2,53.2,223
26.2,53.2,142
26.2,53.1,142
26.2,53.1,142
26.2,53,142
26.2,52.9,142
26.2,52.8,142
26.2,52.7,142
26.2,52.6,142
26.2,52.7,142
26.2,52.7,142
26.2,52.6,142
26.2,52.7,142
26.2,52.8,180
26.2,52.9,142
26.2,52.9,142
26.2,53,142
26.2,53,142
26.2,53,142
26.2,53,142
26.2,53,142
26.2,52.9,142
26.1,53,142
26.2,53,142
26.2,53,142
26.1,53,142
26.2,53,142
26.2,53,142
26.2,53,142
26.2,53,142
26.1,53,142
26.1,53.1,142
26.1,53.1,142
26.1,53.2,142
26.1,53.2,142
26.1,53.2,142
26.1,53.2,142
26.1,53.3,142
26.1,53.3,142
26.1,53.4,142
26.1,53.4,142
26.1,53.4,142
26.1,53.4,142
26.1,53.4,142
26.1,53.4,142
26.1,53.5,142
26.1,53.5,142
26.1,53.4,142
26.1,53.4,142
26.1,53.4,142
26.1,53.4,142
26.1,53.4,142
26.1,53.4,142
26.1,53.4,142
26.1,53.4,142
26.1,53.4,142
26.1,53.4,142
26.2,53.5,142
26.1,53.4,142
26.2,53.4,142
26.2,53.4,142
26.2,53.5,142
26.1,53.4,142
26.2,53.4,142
26.2,53.5,142
26.2,53.5,142
26.2,53.5,142
26.2,53.5,142
26.2,53.4,142
26.2,53.4,142
26.2,53.4,142
26.2,53.4,142
26.2,53.4,142
26.2,53.4,142
26.2,53.4,142
26.2,53.4,142
26.2,53.4,142
26.2,53.3,142
26.2,53.3,142
26.2,53.4,142
26.2,53.3,142
26.2,53.3,142
26.3,53.4,142
26.3,53.3,142
26.3,53.4,142
26.3,53.4,142
26.3,53.4,142
26.3,53.3,142
26.3,53.4,142
26.3,53.3,142
26.3,53.3,142
26.3,53.3,142
26.3,53.3,142
26.3,53.3,142
26.3,53.2,142
26.3,53.3,142
26.3,53.3,142
26.3,53.2,142
26.4,53.2,142
26.4,53.1,142
26.4,53.1,142
26.4,53.1,142
26.4,53.2,142
26.4,53.2,142
26.4,53.2,142
26.4,53.2,142
26.4,53.2,142
26.4,53.3,142
26.4,53.1,142
26.4,53.1,142
26.4,53.2,142
26.5,53.2,142
26.4,53.1,142
26.5,53.1,142
26.5,53,142
26.5,53,142
26.5,53.1,142
26.5,53,142
26.5,53,142
26.5,53.1,142
26.5,53,142
26.6,53.1,142
26.6,52.9,142
26.6,53,142
26.5,52.8,142
26.5,52.9,142
26.5,52.9,142
26.5,52.9,142
26.5,52.8,142
26.6,52.8,142
26.6,52.8,142
26.6,52.8,142
26.5,52.8,142
26.6,52.8,142
26.5,52.8,142
26.6,52.8,142
26.6,52.8,142
26.6,52.8,142
26.6,52.7,142
26.6,52.8,142
26.6,52.7,142
26.6,52.8,142
26.6,52.8,142
26.6,52.8,142
26.6,52.8,142
26.6,52.8,142
26.6,52.7,142
26.6,52.7,142
26.6,52.7,142
26.6,52.7,142
26.6,52.7,142
26.6,52.8,142
26.6,52.8,142
26.6,52.8,142
26.6,52.7,142
26.6,52.7,142
26.6,52.8,142
26.6,52.7,142
26.6,52.7,142
26.6,52.7,142
26.6,52.7,142
26.6,52.7,142
26.6,52.7,142
26.6,52.7,142
26.6,52.7,142
26.6,52.6,142
26.6,52.8,142
26.7,52.7,142
26.6,52.8,142
26.6,52.7,142
26.6,52.7,142
26.6,52.7,142
26.6,52.6,142
26.6,52.7,142
26.6,52.6,142
26.6,52.6,142
26.6,52.7,155
26.7,52.6,142
26.6,52.7,142
26.6,52.7,142
26.7,52.6,142
26.6,52.7,142
26.6,52.7,142
26.6,52.7,142
26.6,52.6,142
26.6,52.8,142
26.6,52.6,142
26.6,52.7,142
26.6,52.7,142
26.6,52.7,142
26.6,52.7,142
26.6,52.7,142
26.6,52.7,142
26.7,52.8,180
26.6,52.7,142
26.7,52.7,142
26.6,52.7,142
26.6,52.6,142
26.6,52.7,142
26.6,52.6,142
26.6,52.7,142
26.7,52.6,142
26.6,52.6,142
26.7,52.7,142
26.7,52.6,142
26.7,52.6,142
26.7,52.6,142
26.7,52.6,142
26.7,52.6,142
26.7,52.6,142
26.7,52.6,142
26.7,52.6,142
26.7,52.6,142
26.7,52.6,142
26.7,52.6,142
26.7,52.7,142
26.7,52.7,142
26.7,52.6,142
26.7,52.6,142
26.7,52.6,142
26.7,52.5,142
26.7,52.5,142
26.7,52.5,142
26.7,52.5,142
26.7,52.5,142
26.7,52.5,142
26.7,52.5,142
26.7,52.5,142
26.6,52.5,142
26.7,52.6,142
26.7,52.6,142
26.7,52.6,142
26.7,52.6,142
26.6,52.5,142
26.7,52.5,142
26.7,52.5,142
26.7,52.5,142
26.6,52.5,142
26.7,52.5,166
26.7,52.5,142
26.7,52.5,142
26.7,52.5,142
26.7,52.5,142
26.7,52.6,142
26.7,52.5,142
26.7,52.5,142
26.7,52.5,142
26.7,52.4,142
26.6,52.5,142
26.6,52.5,142
26.6,52.5,142
26.6,52.5,142
26.6,52.5,142
26.6,52.5,142
26.6,52.5,142
26.6,52.5,142
26.6,52.5,142
26.6,52.5,142
26.6,52.5,142
26.6,52.6,142
26.6,52.6,142
26.6,52.7,142
26.6,52.7,142
26.6,52.7,142
26.6,52.6,142
26.6,52.7,142
26.6,52.6,142
26.6,52.6,142
26.5,52.7,142
26.6,52.7,142
26.5,52.7,142
26.5,52.6,142
26.5,52.8,142
26.5,52.7,142
26.5,52.8,142
26.5,52.7,142
26.5,52.7,142
26.5,52.7,142
26.5,52.7,142
26.5,52.7,142
26.5,52.7,142
26.5,52.7,142
26.5,52.7,142
26.5,52.7,142
26.4,52.7,142
26.5,52.7,142
26.4,52.7,142
26.5,52.7,142
26.4,52.7,142
26.4,52.8,242
26.4,52.9,142
26.4,52.8,142
26.4,52.8,142
26.4,52.8,142
26.4,52.8,142
26.4,52.8,142
26.4,52.8,142
26.4,52.8,142
26.4,52.8,142
26.4,52.9,142
26.3,52.9,142
26.3,52.9,142
26.3,52.9,142
26.3,52.9,142
26.3,52.9,142
26.3,52.9,142
26.3,53,142
26.3,52.9,142
26.3,53,142
26.3,53,142
26.3,53,142
26.3,53,142
26.3,53,142
26.3,53,142
26.3,53,142
26.3,53,142
26.3,53.1,142
26.3,53,142
26.2,53,142
26.3,52.9,142
26.2,52.9,142
26.3,52.9,142
26.3,52.9,142
26.2,53,142
26.2,53,142
26.2,53,142
26.3,53.1,142
26.2,53.1,142
26.2,53.2,142
26.2,53,142
26.2,53.1,142
26.2,53.1,142
26.2,52.9,142
26.2,52.9,142
26.2,52.9,142
26.2,53,142
26.2,52.9,142
26.2,52.9,142
26.1,53,142
26.1,53,142
26.1,53,142
26.2,53,142
26.1,53,142
26.1,53,142
26.1,53,155
26.1,53,142
26.1,53.2,142
26.1,53.1,166
26.1,53.1,142
26.1,53.2,142
26.1,53.2,142
26.1,53.1,142
26.1,53.2,142
26.1,53.2,142
26.1,53.3,142
26.1,53.2,142
26,53.2,142
26.1,53.2,142
26.1,53.3,180
26.1,53.3,166
26.1,53.3,142
26,53.3,158
26,53.3,142
26,53.3,142
26.1,53.4,142
26.1,53.5,142
26,53.5,175
26,53.5,142
26,53.5,142
26,53.6,142
26,53.5,142
26,53.6,142
26,53.6,142
26,53.7,142
26,53.6,142
26,53.7,142
26,53.8,142
26,53.8,142
26,53.7,142
26,53.8,142
26,53.7,142
26,53.8,142
26,53.9,142
26,53.7,142
26,53.8,142
26,53.8,179
26,53.8,142
26,53.8,142
26,53.8,142
26,53.8,142
25.9,53.8,142
25.9,53.7,142
26,53.8,142
25.9,53.8,142
25.9,53.8,142
25.9,53.8,142
25.9,53.8,142
25.9,53.8,142
25.9,53.8,142
25.9,53.8,142
25.9,53.8,142
25.9,53.8,142
25.9,53.8,142
25.9,53.8,142
25.9,53.8,142
25.9,53.7,142
25.9,53.7,142
25.9,53.6,142
25.9,53.5,142
25.9,53.5,142
25.9,53.5,142
25.9,53.6,142
25.9,53.6,142
25.9,53.6,142
25.9,53.5,142
25.9,53.5,142
25.9,53.5,142
25.9,53.5,142
25.8,53.4,142
25.8,53.5,142
25.8,53.5,142
25.8,53.5,142
25.8,53.5,142
25.8,53.6,142
25.9,53.6,142
25.8,53.7,142
25.8,53.6,142
25.8,53.6,142
25.8,53.6,202
25.8,53.5,142
25.8,53.6,142
25.8,53.6,142
25.8,53.7,142
25.8,53.6,142
25.8,53.6,142
25.8,53.5,142
25.8,53.5,142
25.8,53.5,142
25.8,53.4,142
25.8,53.4,142
25.8,53.3,142
25.8,53.3,142
25.8,53.4,142
25.8,53.5,142
25.8,53.5,142
25.8,53.5,142
25.8,53.5,142
25.8,53.5,142
25.8,53.6,142
25.8,53.7,142
25.8,53.8,142
25.8,53.7,142
25.8,53.7,142
25.8,53.7,142
25.8,53.7,142
25.8,53.7,142
25.8,53.6,142
25.8,53.6,142
25.8,53.6,142
25.8,53.6,142
25.8,53.7,142
25.7,53.8,142
25.7,53.9,142
25.8,53.8,142
25.7,53.9,142
25.8,53.8,142
25.8,54,142
25.8,53.9,142
25.8,53.9,142
25.8,53.9,142
25.8,53.9,142
25.8,54,142
25.8,54,142
25.8,54,142
25.8,54,142
25.8,53.9,142
25.8,53.9,142
25.8,53.9,142
25.8,53.9,142
25.8,54,142
25.8,53.9,142
25.9,53.9,142
25.8,53.9,142
25.8,53.9,142
25.9,53.9,142
25.9,53.9,142
25.9,54,142
25.9,54,174
25.9,53.9,142
25.9,53.9,142
25.9,53.9,142
25.9,53.9,142
25.9,53.9,142
26,53.9,142
26,53.9,142
25.9,53.9,142
26,53.9,142
26,53.8,142
26,53.9,142
26,53.8,142
26,53.8,142
26,53.7,142
26,53.7,142
26,53.8,142
26,53.7,142
26,53.7,142
26,53.7,142
26.1,53.7,182
26.1,53.7,142
26,53.6,142
26,53.6,142
26.1,53.6,142
26,53.7,142
26.1,53.5,142
26.1,53.6,142
26.1,53.6,142
26.1,53.6,142
26,53.6,142
26.1,53.5,142
26.1,53.6,142
26.1,53.5,142
26.1,53.5,142
26.1,53.5,142
26.1,53.5,142
26.1,53.5,142
26.1,53.5,142
26.1,53.5,142
26.1,53.4,142
26.1,53.5,142
26.1,53.4,142
26.2,53.4,142
26.1,53.3,142
26.2,53.4,142
26.1,53.5,142
26.2,53.4,142
26.2,53.4,142
26.2,53.5,142
26.2,53.4,142
26.2,53.4,142
26.2,53.4,142
26.2,53.4,142
26.2,53.4,142
26.2,53.4,142
26.2,53.4,142
26.2,53.4,184
26.2,53.4,142
26.2,53.3,142
26.2,53.4,142
26.2,53.4,142
26.2,53.3,142
26.2,53.3,142
26.2,53.3,142
26.2,53.3,183
26.2,53.4,142
26.2,53.3,142
26.2,53.4,142
26.2,53.3,142
26.2,53.3,142
26.2,53.3,142
26.2,53.3,142
26.2,53.3,142
26.2,53.3,142
26.2,53.4,142
26.2,53.3,142
26.2,53.3,142
26.2,53.4,142
26.2,53.4,142
26.2,53.4,142
26.2,53.4,142
26.2,53.4,142
26.2,53.5,142
26.2,53.4,142
26.2,53.4,142
26.2,53.4,142
26.2,53.4,142
26.2,53.3,142
26.2,53.4,142
26.1,53.4,142
26.2,53.4,142
26.2,53.4,142
26.2,53.4,142
26.2,53.3,142
26.1,53.3,142
26.2,53.3,142
26.2,53.3,142
26.2,53.2,142
26.2,53.2,142
26.2,53.2,142
26.2,53.3,142
26.2,53.3,142
26.2,53.3,142
26.2,53.3,142
26.2,53.3,142
26.2,53.3,142
26.2,53.3,142
26.2,53.3,142
26.2,53.3,142
26.2,53.3,142
26.2,53.4,142
26.2,53.4,142
26.2,53.4,142
26.2,53.4,142
26.2,53.4,142
26.2,53.4,142
26.1,53.5,142
26.2,53.4,142
26.2,53.4,142
26.2,53.6,142
26.1,53.8,142
26.1,53.8,142
26.1,53.7,142
26.2,53.8,142
26.1,54.1,142
26.1,54.3,142
26.2,54.4,142
26.2,54.5,142
26.1,54.1,142
26.2,54.1,142
26.2,54.1,142
26.2,54.1,142
26.2,54,142
26.2,54.2,142
26.2,54.2,142
26.2,53.8,142
26.2,53.7,142
26.2,53.5,142
26.2,53.4,142
26.2,53.4,142
26.2,53.3,142
26.2,53.4,142
26.2,53.3,142
26.2,53.3,142
26.2,53.3,142
26.2,53.2,142
26.2,53.4,142
26.1,53.4,142
26.1,53.4,142
26.1,53.4,142
26.1,53.4,142
26.1,53.3,142
26.1,53.4,142
26.1,53.4,142
26,53.5,142
26,53.6,142
26,53.6,142
26,53.7,142
26,53.7,142
26,53.7,142
26,53.8,142
25.9,53.7,142
25.9,53.8,142
25.9,53.8,142
25.9,53.8,142
25.9,53.9,142
25.8,53.8,142
25.9,53.9,142
25.8,54,142
25.8,54,142
25.8,54,142
25.8,54.2,142
25.8,54.1,142
25.8,54.2,142
25.8,54.2,142
25.8,54.2,142
25.7,54.2,142
25.7,54.2,167
